{
    "title": "PlaywrightCrawler Template",
    "type": "object",
    "schemaVersion": 1,
    "properties": {
        "startUrls": {
            "title": "Start URLs",
            "type": "array",
            "description": "URLs to start with.",
            "editor": "requestListSources",
            "prefill": [
                {
                    "url": "https://www.google.com/search?q=iphone+14&rlz=1C1VDKB_enIN1066IN1066&oq=i&gs_lcrp=EgZjaHJvbWUqBggAEEUYOzIGCAAQRRg7MgYIARBFGDsyBggCEEUYOzINCAMQABiDARixAxiABDIGCAQQRRg8MgYIBRBFGDwyBggGEEUYPDIGCAcQRRg80gEIMjU4MWowajeoAgCwAgA&sourceid=chrome&ie=UTF-8"
                }
            ]
        }
    }
}
